{
    "fc": 100e3,
    "pm": 45,
    "kphi": 5e-3,
    "kvco": 10e6, 
    "N": 200,
    "R": 1,
    "fstart": 0.1,
    "fstop": 100e6,
    "ptsPerDec": 100,
    "flt_type": "passive2",
    "c1": 2.6449935e-10,
    "c2": 1.277269e-9,
    "c3": 0,
    "c4": 0,
    "r2": 3044.2825,
    "r3": 0,
    "r4": 0
}
