{
    "freqs": [10, 100, 1000, 10000, 100000, 1000000],
    "refPn": [-60, -80, -100, -120, -140, -150],
    "vcoPn": [-40, -60, -80, -100, -120, -130],
    "pllFom": -229,
    "kphi": 5e-3,
    "kvco": 10e6, 
    "fpfd": 10e6,
    "N": 200,
    "R": 1,
    "flt_type": "passive2",
    "c1": 2.6449935e-10,
    "c2": 1.277269e-9,
    "c3": 0,
    "c4": 0,
    "r2": 3044.2825,
    "r3": 0,
    "r4": 0
}